"Timestamp","Gender","Age","Name of the state, country you live in","How many digital devices do you personally own?  [Smartphone]","How many digital devices do you personally own?  [Laptop/PC]","How many digital devices do you personally own?  [Tablet]","How many digital devices do you personally own?  [Others]","Which device do you primarily use to access social media?","Which social media platforms do you use daily?","Which is your most-used social media platform?","On average, what is your daily screen time (in hours)?","What do you primarily use social media for?","What type of media do you prefer?","What type of content do you prefer to watch or engage?  [Memes]","What type of content do you prefer to watch or engage?  [News]","What type of content do you prefer to watch or engage?  [Educational]","What type of content do you prefer to watch or engage?  [Vlogs]","What type of content do you prefer to watch or engage?  [Gaming]","What type of content do you prefer to watch or engage?  [Other]","What motivates you to be on social media?","How often do you interact (like, comment, share) on social media?","How has social media impacted your daily life overall? ","Do you feel a sense of following emotion while using social media? [Excitement]","Do you feel a sense of following emotion while using social media? [Pleasure]","Do you feel a sense of following emotion while using social media? [Productive]","Do you feel a sense of following emotion while using social media? [Anxiety]","Do you feel a sense of following emotion while using social media? [Depression]","Do you feel/experience the following after prolonged use of social media [Lethargic/mentally drained]","Do you feel/experience the following after prolonged use of social media [Productive]","Do you log into social media first thing after waking up?","Do you doom scroll (continuously scroll through negative or endless content) daily?","Do you experience restlessness or anxiety when you try to stay off/take a break from social media? ","How do you feel when you get a notification?","Has social media affected your attention span?","Do you find it difficult to concentrate on tasks without checking your phone?","Can you concentrate on a single task (e.g., reading, studying) for more than 20 minutes without checking your phone?","How many times a day do you open the following apps (approximate)?  [WhatsApp]","How many times a day do you open the following apps (approximate)?  [Instagram]","How many times a day do you open the following apps (approximate)?  [Facebook]","How many times a day do you open the following apps (approximate)?  [YouTube]","How many times a day do you open the following apps (approximate)?  [Twitter/X]","How many times a day do you open the following apps (approximate)?  [Reddit]","How many times a day do you open the following apps (approximate)?  [Snapchat]","How many times a day do you open the following apps (approximate)?  [Others]","Do you spend more time on social media than you intend to?","Has social media usage altered your sleep schedule? ","Do you feel a sense of relief or escapism while using social media?","Have you ever used social media blocking apps to stop unnecessary scrolling? ","If you could change one thing about social media regarding how it affects your life, what change would it be? (in 1–2 lines)"
"2025/06/24 3:18:41 pm GMT+5:30","Male","21-23","Meghalaya,India","1","1","","","Smartphone;Laptop/PC","Instagram;WhatsApp;YouTube","Instagram;WhatsApp;YouTube","3-5 hours","Work/Study;Leisure/Entertainment","Reels/Shorts","Both","Reels/Shorts","Reels/Shorts","","None","None","Boredom;Habit;Social connection;Relaxation","Frequently","Positively","Often","Often","Often","Rarely","Never","No","Yes","Yes","No","Never","Neutral","Yes","Yes","Yes","Below 10 times","Below 10 times","","Below 10 times","","","","","Yes","No","Yes","Yes","I would like to minimize the use of social media"
"2025/06/24 3:39:51 pm GMT+5:30","Male","21-23","Assam,India ","1","1","","","Smartphone","WhatsApp;YouTube","YouTube","5-7 hours","Both","Reels/Shorts;Long form content","Reels/Shorts","Both","Both","Reels/Shorts","","","Boredom","Rarely","Both","Often","Often","Sometimes","Often","Always","Yes","","Yes","Yes","After several hours","Pressured to check","Yes","Sometimes","Sometimes","Below 10 times","","","Below 10 times","","","","","Yes","Yes","Yes","Yes"," If I could change one thing about social media, I would want it to promote more learning and useful content instead of just entertainment. This would help people grow and use their time better."
"2025/06/24 4:20:19 pm GMT+5:30","Male","21-23","Assam, India ","1","1","0","0","Smartphone","WhatsApp;YouTube;LinkedIn ","WhatsApp","5-7 hours","Both","Long form content","Reels/Shorts","Other","Other","None","Other","None","Habit","Sometimes","Both","Often","Sometimes","Sometimes","Rarely","Rarely","Occasionally","No","Yes","Sometimes","After several hours","Pressured to check","Yes","Sometimes","Yes","50+","Below 10 times","Below 10 times","10-30","Below 10 times","Below 10 times","Below 10 times","10-30","Sometimes","Yes","Sometimes","Yes","I will track and limit the usage and also prioritising positive content."
"2025/06/24 4:38:29 pm GMT+5:30","Male","21-23","Goa, India","1","1","0","1","Laptop/PC","WhatsApp;YouTube","YouTube","1-3 hours","Leisure/Entertainment","Long form content","None","Other","Other","None","None","Other","YouTube: dinnertime entertainment; WhatsApp: when people need to talk with me.","Almost always","Neutral","Often","Sometimes","Often","Rarely","Never","Occasionally","No","No","No","Never","Annoyed","Not sure","No","Yes","Below 10 times","","","Below 10 times","","","","","No","No","No","Yes","I would like to use it a bit more, to stay connected with people over IG and such, but the app is scary addictive so I'm not risking keeping it on my phone."
"2025/06/24 4:55:31 pm GMT+5:30","Male","21-23","Assam, India","1","2","","","Smartphone;Laptop/PC","Instagram;Facebook;WhatsApp;Twitter/X;YouTube;Reddit","WhatsApp;YouTube;Reddit","3-5 hours","Both","Long form content","Both","Other","Both","Reels/Shorts","Both","","Boredom;Social connection;Relaxation;Self-expression","Rarely","Neutral","Sometimes","Often","Sometimes","Rarely","Rarely","No","Yes","No","Sometimes","After several hours","Neutral","Not sure","Sometimes","Sometimes","10-30","Below 10 times","","30-50","","30-50","","","Sometimes","Maybe","Sometimes","No",""
"2025/06/24 5:10:46 pm GMT+5:30","Male","18-20","Assam,India","1","1","1","","Smartphone","Instagram;Facebook;WhatsApp;YouTube;Games","YouTube","More than 7 hours","Both","Reels/Shorts","Reels/Shorts","","Reels/Shorts","","Both","Both","Boredom;Habit;Relaxation","Sometimes","Positively","Sometimes","Sometimes","Sometimes","Sometimes","Sometimes","Yes","Yes","Yes","Yes","Never","Neutral","Not sure","Sometimes","Yes","30-50","30-50","10-30","30-50","Below 10 times","Below 10 times","Below 10 times","30-50","Yes","Yes","Yes","Yes","Pass"
"2025/06/24 6:03:25 pm GMT+5:30","Male","21-23","Assam, India","2","1","0","0","Smartphone","Instagram;Facebook;WhatsApp;YouTube;Reddit","Facebook;WhatsApp;Reddit","5-7 hours","Both","Reels/Shorts;Long form content","Both","Both","Both","Both","Both","","Boredom;Habit;Social connection","Sometimes","Both","Often","Often","Sometimes","Often","Often","Yes","Occasionally","Yes","Sometimes","In 30 mins","Pressured to check","Yes","Yes","No","50+","10-30","50+","10-30","Below 10 times","50+","Below 10 times","Below 10 times","Yes","Yes","No","No",""
"2025/06/24 6:09:29 pm GMT+5:30","Male","21-23","North-West, Europe","1","2","0","2","Smartphone;Laptop/PC","Instagram;WhatsApp;Twitter/X;YouTube;TikTok","YouTube","5-7 hours","Leisure/Entertainment","Reels/Shorts;Long form content","Reels/Shorts","None","Other","Other","Other","Other","Boredom;FOMO (Fear of Missing Out);Habit;Social connection;Validation/likes/comments","Almost always","Both","Often","Sometimes","Sometimes","Sometimes","Sometimes","No","Occasionally","Yes","Yes","After a day","Neutral","Yes","Sometimes","Yes","10-30","30-50","Below 10 times","30-50","30-50","Below 10 times","Below 10 times","Below 10 times","Yes","Maybe","Sometimes","Yes","Stop turning everything into TikTok."
"2025/06/24 6:11:51 pm GMT+5:30","Female","21-23","Assam, india ","1","","","","Smartphone","Instagram;WhatsApp","Instagram","3-5 hours","Leisure/Entertainment","Reels/Shorts;Long form content","Reels/Shorts","","Reels/Shorts","","","","Habit;Self-expression","Sometimes","Neutral","Sometimes","Sometimes","","Sometimes","","No","Occasionally","Yes","No","After a day","Neutral","No","Sometimes","Sometimes","30-50","50+","Below 10 times","10-30","","","","","Sometimes","Maybe","Sometimes","No","I’d make social media prioritize meaningful, thoughtful connections over endless scrolling and superficial content to encourage deeper human interaction"
"2025/06/24 6:32:23 pm GMT+5:30","Male","21-23","Assam, India","1","1","","","Smartphone","YouTube","YouTube","1-3 hours","Both","Long form content","","","Reels/Shorts","","","","Self-expression","Rarely","Positively","Often","Sometimes","Sometimes","Sometimes","Sometimes","No","No","No","No","Never","Annoyed","Not sure","No","Yes","Below 10 times","","","Below 10 times","","","","","No","No","No","Yes","Social media is equally important for education and all...we have to use in a  limit."
"2025/06/24 6:57:44 pm GMT+5:30","Male","21-23","India, Assam ","1","","","","Smartphone","Instagram;Facebook;WhatsApp;YouTube","Instagram;Facebook;WhatsApp;YouTube","5-7 hours","Both","Reels/Shorts;Long form content","Reels/Shorts","Reels/Shorts","Reels/Shorts","Reels/Shorts","","","Social connection;Relaxation;Self-expression","Sometimes","Neutral","","Always","Always","","","","Yes","Yes","Sometimes","After several hours","Neutral","Not sure","Sometimes","Sometimes","30-50","30-50","30-50","30-50","","","","","Yes","Yes","Sometimes","Yes",""
"2025/06/24 6:58:21 pm GMT+5:30","Male","21-23","Assam, India ","1","","","","Smartphone","Instagram;WhatsApp;Twitter/X;YouTube","WhatsApp","5-7 hours","Both","Reels/Shorts;Long form content;Image","Both","Both","Both","","Both","","Boredom","Rarely","Neutral","Rarely","Rarely","Sometimes","Rarely","Rarely","Occasionally","","No","No","Never","Neutral","Yes","Yes","Sometimes","30-50","30-50","","50+","30-50","","","","Yes","Yes","No","Yes",""
"2025/06/24 7:05:50 pm GMT+5:30","Female","21-23","Meghalaya, India ","1","1","","","Smartphone","Instagram;WhatsApp","WhatsApp","1-3 hours","Work/Study;Leisure/Entertainment","Reels/Shorts","","Reels/Shorts","Reels/Shorts","","","","Boredom","Rarely","Positively","","","Often","","","No","Yes","No","No","Never","Neutral","No","No","Yes","Below 10 times","Below 10 times","","","","","","","No","No","Sometimes","No","Though it hasn't negatively affected my life, I would still change the constant urge to document everything—sometimes it's better to just be present and enjoy the moment.

"
"2025/06/24 7:32:48 pm GMT+5:30","Male","21-23","Assam, India ","1","1","","","Smartphone","Instagram;WhatsApp;Twitter/X;YouTube;Snapchat","Instagram","More than 7 hours","Leisure/Entertainment","Reels/Shorts","Reels/Shorts","","","","","Reels/Shorts","Habit;Social connection;Relaxation;Self-expression","Sometimes","Neutral","Often","Always","Often","Never","Never","No","Occasionally","Yes","Yes","After several hours","Excited","Yes","Yes","Yes","10-30","30-50","10-30","10-30","Below 10 times","","Below 10 times","","No","Yes","Yes","No","nothing, it's human tendency to often change things but i think it's okay for somethings to remain constant. though it'd be better if the social media restricts people from hate and vulgarity "
"2025/06/24 7:41:06 pm GMT+5:30","Male","21-23","Tura, Meghalaya ","0","0","","","Smartphone;Laptop/PC","Instagram;WhatsApp;YouTube","Instagram;WhatsApp;YouTube","3-5 hours","Both","Reels/Shorts;Long form content","Reels/Shorts","Reels/Shorts","Reels/Shorts","","","","Boredom;Habit;Social connection;Relaxation","Frequently","Neutral","Sometimes","Sometimes","Often","Rarely","Rarely","No","Yes","Yes","No","Never","Neutral","No","Sometimes","Sometimes","Below 10 times","Below 10 times","","Below 10 times","","","","","Yes","No","Sometimes","No","I would like to minimize using social media"
"2025/06/24 7:43:07 pm GMT+5:30","Male","21-23","ASSAM,INDIA","1","0","0","0","Smartphone","WhatsApp","YouTube","More than 7 hours","Work/Study","Long form content","","","","Reels/Shorts","Reels/Shorts","","Relaxation","Rarely","Positively","Always","","","","","Yes","","Yes","Yes","After a day","Neutral","Yes","","Yes","","","","Below 10 times","","","","Below 10 times","Yes","","Yes","",""
"2025/06/24 7:46:03 pm GMT+5:30","Male","21-23","Assam, India","2","1","0","2","Smartphone","Instagram;WhatsApp;YouTube;Reddit","WhatsApp","3-5 hours","Leisure/Entertainment","Reels/Shorts;Long form content","Reels/Shorts","Other","Other","Both","Reels/Shorts","Both","Boredom;Habit;Social connection","Rarely","Both","Sometimes","Often","Never","Often","Never","Yes","Occasionally","No","Yes","After several hours","Neutral","Yes","Yes","Sometimes","50+","50+","Below 10 times","30-50","50+","10-30","Below 10 times","Below 10 times","Yes","Yes","Yes","No","The fakeness shown over in social media that makes us compare our lives to others"
"2025/06/24 7:49:30 pm GMT+5:30","Male","21-23","Assam, india ","1","1","0","1","Smartphone;Laptop/PC","YouTube","YouTube","5-7 hours","Both","Reels/Shorts;Long form content","","","","","","Reels/Shorts","Boredom","Sometimes","Negatively","Always","Often","Often","Often","","Yes","","Yes","Yes","After several hours","Neutral","Yes","Yes","Yes","10-30","10-30","10-30","10-30","","","","","No","No","No","Yes",""
"2025/06/24 7:51:12 pm GMT+5:30","Male","Below 18","Assam, India","1","","","","Smartphone","WhatsApp;YouTube;Snapchat","WhatsApp;YouTube","5-7 hours","Both","Reels/Shorts;Long form content","Reels/Shorts","Reels/Shorts","Other","Other","Other","","Boredom;Habit;Relaxation","Rarely","Both","Often","Always","Often","Rarely","Never","Yes","Yes","No","Sometimes","After several hours","Neutral","Yes","Sometimes","Yes","30-50","Below 10 times","","30-50","","","","","Yes","Yes","Sometimes","No","I would change it and make it affect positively on my life...like I always wanted to make my social media algorithm more and more knowledgeable.."
"2025/06/24 7:57:04 pm GMT+5:30","Male","21-23","Assam,India ","2","","","","Smartphone","WhatsApp;YouTube","YouTube","5-7 hours","Both","Reels/Shorts;Long form content","Reels/Shorts","Both","Both","Both","Other","Other","Boredom;Habit","Sometimes","Negatively","Often","Often","Sometimes","Rarely","Rarely","Yes","Occasionally","No","Yes","In 30 mins","Anxious","Yes","Yes","Yes","10-30","","","30-50","","","","","Yes","No","Yes","Yes","I would like to change my habit of endless scrolling "
"2025/06/24 8:19:34 pm GMT+5:30","Male","21-23","Assam, India ","1","","","","Smartphone","Instagram;Facebook;WhatsApp;YouTube","Instagram;Facebook;WhatsApp","Less than 1 hours","Work/Study","Reels/Shorts","Reels/Shorts","Reels/Shorts","Reels/Shorts","","","","Relaxation","Sometimes","Positively","Always","","","","","","","No","Yes","In 30 mins","Neutral","No","","","Below 10 times","Below 10 times","Below 10 times","Below 10 times","","","","","No","No","Yes","Yes",""
"2025/06/24 8:32:27 pm GMT+5:30","Male","21-23","Assam, India ","1","0","0","0","Smartphone","Instagram;WhatsApp;YouTube","Instagram","More than 7 hours","Both","Reels/Shorts","Reels/Shorts","Reels/Shorts","Reels/Shorts","","","","Boredom;FOMO (Fear of Missing Out);Habit;Social connection;Relaxation;Validation/likes/comments;Self-expression","Frequently","Neutral","Rarely","Rarely","Rarely","Rarely","Rarely","Yes","Yes","Yes","Yes","After several hours","Anxious","Yes","Yes","No","10-30","10-30","","Below 10 times","","","","","Yes","No","Yes","No","Just let it be "
"2025/06/24 8:35:34 pm GMT+5:30","Female","21-23","Assam, India","1","1","","","Smartphone","Instagram;WhatsApp;YouTube","Instagram;WhatsApp;YouTube","3-5 hours","Both","Reels/Shorts;Long form content;Image","","Other","Reels/Shorts","","","Reels/Shorts","Habit;Social connection;Relaxation","Rarely","Neutral","Often","Sometimes","Often","Sometimes","Sometimes","Yes","Yes","No","No","After several hours","Neutral","Not sure","Sometimes","Sometimes","10-30","Below 10 times","","Below 10 times","","","Below 10 times","","Sometimes","Maybe","Sometimes","No",""
"2025/06/24 9:13:01 pm GMT+5:30","Male","24-26","Assam, India","1","1","","","Smartphone","Instagram;Facebook;WhatsApp;YouTube","WhatsApp","3-5 hours","Both","Reels/Shorts;Long form content;Image","Reels/Shorts","Reels/Shorts","Both","Both","None","","Boredom;Relaxation","Sometimes","Neutral","Rarely","Sometimes","Sometimes","Sometimes","Never","Yes","","Yes","Sometimes","After a day","Pressured to check","Not sure","No","Yes","10-30","10-30","Below 10 times","10-30","","","","","Sometimes","Maybe","Sometimes","No",""
"2025/06/24 9:31:01 pm GMT+5:30","Female","21-23","Assam, India","1","","","","Smartphone","Instagram;Facebook;WhatsApp;YouTube","Instagram;WhatsApp;YouTube","5-7 hours","Both","Reels/Shorts;Long form content","Reels/Shorts","","","Other","","","Habit;Social connection","Frequently","Both","Always","Often","Sometimes","Sometimes","Rarely","Yes","Yes","Yes","Sometimes","In 30 mins","Excited","Yes","Sometimes","No","10-30","10-30","Below 10 times","10-30","","","","","Yes","Yes","Yes","No",""
"2025/06/24 9:52:46 pm GMT+5:30","Female","21-23","","1","","","","Smartphone","Instagram;WhatsApp;YouTube","WhatsApp","1-3 hours","Both","Long form content","Reels/Shorts","Reels/Shorts","Reels/Shorts","","","","Boredom;Habit;Social connection;Relaxation","Rarely","Neutral","Sometimes","Rarely","Never","Rarely","Never","","","No","No","Never","Annoyed","Not sure","Sometimes","Sometimes","10-30","30-50","","Below 10 times","","","","","No","No","Sometimes","",""
"2025/06/24 9:53:36 pm GMT+5:30","Female","21-23","Assam, India","1","1","1","","Smartphone","Instagram;Facebook;WhatsApp;YouTube","Instagram;Facebook;WhatsApp;YouTube","1-3 hours","Both","Reels/Shorts","Reels/Shorts","","","","","Reels/Shorts","Relaxation","Rarely","Positively","Sometimes","Often","Often","Never","Never","Yes","","No","Sometimes","In 30 mins","Neutral","No","No","Sometimes","10-30","10-30","10-30","10-30","","","","","No","No","Sometimes","Yes","I would have systematized a particular duration per day which cannot be extended.. 
"
"2025/06/24 10:05:51 pm GMT+5:30","Female","18-20","Assam, India ","1","0","0","0","Smartphone","Instagram;WhatsApp;Snapchat","Instagram","1-3 hours","Both","Reels/Shorts;Long form content;Image","Reels/Shorts","Both","Both","Both","None","Reels/Shorts","Boredom;FOMO (Fear of Missing Out);Habit;Social connection","Frequently","Neutral","Sometimes","Sometimes","Often","Sometimes","Sometimes","Yes","Yes","No","Sometimes","After several hours","Neutral","Yes","Sometimes","Yes","10-30","10-30","Below 10 times","10-30","Below 10 times","Below 10 times","10-30","Below 10 times","Sometimes","Maybe","Sometimes","No","Unnecessary trends that everyone blindly follow "
"2025/06/24 10:14:34 pm GMT+5:30","Male","21-23","Assam, India","1","1","0","0","Smartphone","Instagram;WhatsApp;Twitter/X;YouTube;Reddit","Instagram;Twitter/X","More than 7 hours","Leisure/Entertainment","Reels/Shorts;Long form content;Image","Reels/Shorts","Both","Other","Reels/Shorts","None","Both","Boredom;Habit;Relaxation;Self-expression","Frequently","Both","Often","Often","Sometimes","Always","Often","Yes","Occasionally","Yes","Yes","In 30 mins","Neutral","Not sure","No","Sometimes","50+","50+","","10-30","10-30","Below 10 times","","Below 10 times","Yes","No","Sometimes","No","I would like social media to be less attention grabbing."
"2025/06/24 10:30:22 pm GMT+5:30","Female","21-23","Assam, India","0","0","","","Smartphone","Instagram;WhatsApp;YouTube","Instagram;WhatsApp","5-7 hours","Both","Reels/Shorts","Reels/Shorts","","Reels/Shorts","Reels/Shorts","","","Habit","Frequently","Both","Often","Sometimes","Sometimes","Sometimes","Rarely","Yes","Occasionally","Yes","Sometimes","After several hours","Neutral","Yes","Yes","Yes","30-50","10-30","Below 10 times","Below 10 times","Below 10 times","","","","Yes","Yes","Sometimes","No","I would turn social media into a tool of healing rather than hurting."
"2025/06/24 10:48:55 pm GMT+5:30","Male","18-20","assam,INDIA","1","1","","","Smartphone","Instagram;WhatsApp;YouTube","Instagram;WhatsApp;YouTube","More than 7 hours","Work/Study;Leisure/Entertainment;Both","Reels/Shorts;Long form content","Reels/Shorts","","","Reels/Shorts","","","Habit;Social connection;Relaxation","Frequently","Negatively","Often","Sometimes","Sometimes","Always","Always","No","No","Yes","Yes","In 30 mins","Pressured to check","Yes","Yes","Sometimes","50+","50+","","50+","","","","","Yes","Yes","Yes","Yes","ADDICTION OF PHONE IS TOO HARMFUL FOR OUR DAILY LIFE"
"2025/06/24 10:55:35 pm GMT+5:30","Female","21-23","Assam,india","1","","","","Smartphone","Instagram;Facebook;WhatsApp;YouTube","Instagram","3-5 hours","Both","Reels/Shorts","","Reels/Shorts","Both","Both","","","Boredom","Sometimes","","Rarely","Rarely","Rarely","Rarely","Rarely","Yes","No","Yes","Sometimes","After several hours","Neutral","Not sure","Yes","Yes","10-30","10-30","Below 10 times","10-30","","","","","Sometimes","Maybe","Sometimes","No","Assuring time limits"
"2025/06/24 10:58:15 pm GMT+5:30","Male","18-20","Assam, India","1","1","","","Smartphone","WhatsApp;YouTube","YouTube","More than 7 hours","Both","Reels/Shorts","Reels/Shorts","","","","","Reels/Shorts","Relaxation","Rarely","Neutral","","Often","Often","","","No","Yes","No","Yes","After a day","Neutral","Not sure","Sometimes","Sometimes","","","","10-30","","","","10-30","No","Maybe","Sometimes","No","I would make social media show real life instead of only showing best moments, so people feel less stress and more happy with themselves."
"2025/06/24 10:59:29 pm GMT+5:30","Female","21-23","Assam,india","1","","","","Smartphone","Instagram;Facebook;WhatsApp;YouTube","Instagram;YouTube","3-5 hours","Both","","","Both","Both","Both","","","Boredom","Sometimes","","Rarely","Rarely","Rarely","Rarely","Rarely","Yes","No","Yes","No","After several hours","Neutral","Not sure","Sometimes","Yes","10-30","10-30","Below 10 times","10-30","","","","","Sometimes","Maybe","Sometimes","No","Assuring time limits "
"2025/06/24 11:09:59 pm GMT+5:30","Male","21-23","Assam,India","1","","","","Smartphone","Instagram;Facebook;WhatsApp;YouTube;Telegram ","WhatsApp","3-5 hours","Work/Study;Leisure/Entertainment;Both","Reels/Shorts;Long form content;Image","Reels/Shorts","Reels/Shorts","Reels/Shorts","","Reels/Shorts","","Boredom;Social connection","Sometimes","Both","Sometimes","Sometimes","Sometimes","Sometimes","Sometimes","Occasionally","Occasionally","Yes","Sometimes","Never","Neutral","Not sure","Sometimes","Sometimes","10-30","10-30","10-30","10-30","","","","","Sometimes","Maybe","Sometimes","Yes","Change all the contents unto positivity that will help the society "
"2025/06/24 11:12:38 pm GMT+5:30","Male","21-23","Goa, India ","1","1","1","0","Smartphone","Instagram;WhatsApp;YouTube","YouTube","5-7 hours","Both","Long form content;Text","Reels/Shorts","","Other","Other","Other","","Boredom;Habit;Validation/likes/comments","Sometimes","Neutral","Often","Often","Sometimes","Never","Often","Yes","No","No","No","After a day","Neutral","Yes","No","Yes","Below 10 times","Below 10 times","","10-30","","","","","Yes","Yes","Yes","No","It having more geniune and real things other then just fake stuff , professional product and ai "
"2025/06/24 11:55:29 pm GMT+5:30","Male","21-23","Assam,India","1","1","","","Smartphone;Laptop/PC","Instagram;WhatsApp;YouTube","Instagram","5-7 hours","Leisure/Entertainment","Reels/Shorts","Reels/Shorts","Reels/Shorts","Reels/Shorts","Reels/Shorts","Reels/Shorts","Reels/Shorts","Boredom;Relaxation","Rarely","Neutral","Sometimes","Sometimes","Sometimes","Never","Never","No","No","Yes","Yes","Never","Neutral","Not sure","Sometimes","Sometimes","50+","50+","","Below 10 times","","","","","Sometimes","Maybe","Sometimes","No",""
"2025/06/25 12:33:15 am GMT+5:30","Female","21-23","Assam, India ","1","","","1","Smartphone","Instagram;WhatsApp","Instagram","More than 7 hours","Leisure/Entertainment","Reels/Shorts;Image;Text","Both","Both","Both","","","","Boredom;Habit;Relaxation","Sometimes","Both","Sometimes","Often","","Often","Sometimes","Yes","","Yes","Yes","After several hours","Neutral","Not sure","Yes","Sometimes","10-30","10-30","Below 10 times","Below 10 times","Below 10 times","Below 10 times","Below 10 times","Below 10 times","Yes","Yes","Sometimes","No","It can't be changed but looking at people trolling anyone just for the sake of attention gives me anxiety "
"2025/06/25 12:34:26 am GMT+5:30","Male","Below 18","ASSAM,INDIA","1","1","1","2+","Smartphone","Instagram;Facebook;WhatsApp;YouTube;","Instagram;Facebook;WhatsApp;YouTube","3-5 hours","Both","Reels/Shorts;Long form content;Image;Text","None","Reels/Shorts","Both","Both","None","None","FOMO (Fear of Missing Out);Social connection;Relaxation;Self-expression","Rarely","Both","Always","Often","Often","Never","Never","Yes","Yes","No","Yes","After several hours","Neutral","Yes","Yes","Sometimes","10-30","30-50","50+","10-30","","","","","Yes","Yes","Yes","No",""
"2025/06/25 12:39:56 am GMT+5:30","Male","18-20","Assam, India ","1","0","0","0","Smartphone","Instagram;WhatsApp;YouTube","Instagram;YouTube","5-7 hours","Leisure/Entertainment","Long form content","Reels/Shorts","","","","Both","","Boredom;Social connection","Sometimes","Neutral","Often","Often","Often","Sometimes","Rarely","No","Yes","No","Sometimes","Never","Neutral","No","Sometimes","Yes","10-30","10-30","","Below 10 times","","","","","No","No","No","No",""
"2025/06/25 5:11:44 am GMT+5:30","Male","21-23","Assam, India ","1","","","","Smartphone","Instagram;WhatsApp;YouTube","Instagram","1-3 hours","Both","Reels/Shorts;Long form content;Image","Other","Reels/Shorts","Reels/Shorts","Reels/Shorts","","","Social connection","Frequently","Both","Often","Sometimes","Rarely","Rarely","Rarely","Occasionally","Occasionally","No","Sometimes","Never","Neutral","Not sure","Sometimes","Yes","10-30","10-30","","Below 10 times","","","","Below 10 times","Sometimes","No","Sometimes","Yes","I just want the required information about my interested topic rather than everything "
"2025/06/25 5:24:48 am GMT+5:30","Male","21-23","Assam, India","1","1","0","1","Smartphone","Instagram;WhatsApp;YouTube;Reddit","YouTube;Reddit","3-5 hours","Both","Long form content;Text","Reels/Shorts","None","Other","Other","Other","Other","Boredom","Sometimes","Neutral","Rarely","Sometimes","Sometimes","Rarely","Rarely","Yes","Yes","No","No","Never","Neutral","Yes","Yes","Yes","Below 10 times","Below 10 times","Below 10 times","Below 10 times","Below 10 times","10-30","Below 10 times","Below 10 times","Yes","Yes","Yes","No","Social media apps should pay me for using their apps. "
"2025/06/25 6:48:13 am GMT+5:30","Male","21-23","Assam, india","1","","","","Smartphone","Instagram;WhatsApp","WhatsApp","Less than 1 hours","Work/Study;Leisure/Entertainment","Reels/Shorts","Reels/Shorts","Reels/Shorts","Reels/Shorts","","Reels/Shorts","","Boredom;Relaxation","Rarely","Both","Often","Often","Often","Sometimes","","No","No","No","No","Never","Neutral","No","No","Yes","Below 10 times","Below 10 times","","Below 10 times","","","","","Yes","Maybe","Sometimes","No","Delete the rell feature from it."
"2025/06/25 7:01:21 am GMT+5:30","Female","21-23","Assam, India","1","","","","Smartphone","YouTube","YouTube","3-5 hours","Both","Long form content","","Both","Both","Both","","","Boredom;Relaxation","Rarely","Neutral","","Often","","","","Yes","","No","No","Never","Neutral","Yes","Yes","Yes","10-30","","","10-30","","","","","Yes","No","No","No"," I will customise my feed and do not allow algorithm lead my content."
"2025/06/25 8:29:47 am GMT+5:30","Male","21-23","Assam, India","1","","","","Smartphone","Instagram;WhatsApp;YouTube","YouTube","3-5 hours","Both","Reels/Shorts;Long form content","Reels/Shorts","Reels/Shorts","Other","","","","Boredom;Habit","Sometimes","Both","Never","Rarely","Often","Sometimes","Never","Yes","No","No","Sometimes","After several hours","Annoyed","Not sure","Yes","Yes","10-30","10-30","","10-30","","","","","Yes","Maybe","No","No","There should be a screen time limit  and app time limit set by every smartphone companies or by the government."
"2025/06/25 8:33:24 am GMT+5:30","Male","21-23","Assam, India ","1","1","","","Laptop/PC","WhatsApp;YouTube;Reddit","YouTube","5-7 hours","Both","Long form content","Reels/Shorts","Reels/Shorts","Other","","Other","","Boredom;Habit","Sometimes","Neutral","Often","Always","Sometimes","Often","Often","No","No","No","Sometimes","After several hours","Anxious","Yes","Yes","No","Below 10 times","Below 10 times","Below 10 times","10-30","Below 10 times","10-30","Below 10 times","Below 10 times","Sometimes","Maybe","Yes","No","Change is such that it doesn't affect attention span."
"2025/06/25 1:39:40 pm GMT+5:30","Male","21-23","Uganda, africa","1","1","","","Smartphone","YouTube;Snapchat is for gays","YouTube;Snapchat is for trans","More than 7 hours","Both","Reels/Shorts;Long form content;Image","","","","","","Reels/Shorts","Boredom","Rarely","Negatively","","","","","Always","","Yes","No","Sometimes","Never","Neutral","Not sure","No","Yes","Below 10 times","","","Below 10 times","","","","","Yes","Yes","No","No","No comments..."
"2025/06/25 1:40:13 pm GMT+5:30","Female","21-23","Maharashtra, India","2","2","1","1","Smartphone","Instagram;WhatsApp;YouTube;Reddit","Instagram","1-3 hours","Leisure/Entertainment","Reels/Shorts;Text","","","Both","","Reels/Shorts","","Nothing to do on the train sometimes","Sometimes","Neutral","Often","Rarely","Never","Sometimes","Never","Occasionally","No","Yes","No","Never","Neutral","Yes","No","Yes","30-50","Below 10 times","","Below 10 times","","Below 10 times","","","Sometimes","No","No","No","I find it difficult to focus on long form now, I would like to change that because I really enjoy well made long form content."
"2025/06/25 1:57:01 pm GMT+5:30","Female","21-23","Assam, India","1","1","","","Smartphone","YouTube","Instagram;WhatsApp;YouTube","3-5 hours","Both","Reels/Shorts","","Both","Both","","","","Boredom","Rarely","Neutral","Often","","","","","","Occasionally","No","No","Never","Pressured to check","No","No","Yes","10-30","","","10-30","","","","","No","No","No","No","Set limits on the amount of time you spend on social media..
Use social media to connect with people who inspire you, share similar interests, and provide a sense of belonging..."
"2025/06/25 2:11:44 pm GMT+5:30","Female","24-26","Assam, India","1","1","0","0","Smartphone","Instagram;Facebook;WhatsApp","Instagram;Facebook;WhatsApp","3-5 hours","Work/Study;Leisure/Entertainment","Reels/Shorts;Long form content;Image;Text","Reels/Shorts","Reels/Shorts","Reels/Shorts","Reels/Shorts","Reels/Shorts","","Habit;Social connection;Relaxation","Almost always","Positively","Often","Often","Often","Sometimes","Sometimes","Occasionally","Yes","No","No","Never","Neutral","Not sure","No","Yes","10-30","10-30","10-30","Below 10 times","","","","","Sometimes","Yes","Sometimes","No",""
"2025/06/25 7:03:10 pm GMT+5:30","Female","21-23","Assam, India ","1","1","","","Smartphone","WhatsApp;YouTube","WhatsApp","1-3 hours","Both","Reels/Shorts;Long form content;Text","","Both","Both","","","","Social connection;Relaxation","Rarely","Both","Often","Often","Often","","","Yes","","No","No","Never","Neutral","Not sure","Sometimes","Yes","10-30","","","Below 10 times","","","","","Yes","Maybe","Sometimes","No","It should have a system like setting of usage hours, after using for 1-1.5 hrs, it should automatically turn off, and the user can't login for several hours that day. Only can use for urgent needs, for 30-40 mins after that."
"2025/06/25 7:09:55 pm GMT+5:30","Female","21-23","Indian, Assam ","1","1","0","0","Smartphone","WhatsApp;YouTube","WhatsApp;YouTube","1-3 hours","Work/Study;Both","Long form content","","Reels/Shorts","Reels/Shorts","","","","Habit;Social connection;Relaxation;Self-expression","Almost always","Neutral","Often","Always","Often","Sometimes","Rarely","No","Yes","Yes","No","After several hours","Anxious","No","Yes","Sometimes","10-30","30-50","Below 10 times","50+","Below 10 times","","","10-30","No","Maybe","Yes","No","I think in facebook, Instagram or YouTube, there have certain things are need to be changed that in there are so many digital creators without any purpose of their chanel .They only create valuable video and got the money without hardwork and dedication."
"2025/06/25 8:03:57 pm GMT+5:30","Female","21-23","Guwahati, Assam , India ","","0","","","Laptop/PC","Instagram","Instagram","1-3 hours","Leisure/Entertainment","Reels/Shorts;Long form content","","Other","Other","Other","","","Social connection;Self-expression","Sometimes","Both","","Always","","","","","Yes","Yes","Yes","In 30 mins","Excited","Yes","Yes","Yes","","Below 10 times","","Below 10 times","","","","","Yes","Yes","No","Yes","I would change the way social media algorithms prioritize content, shifting from engagement-based to well-being-based curation.

Currently, most social platforms amplify content that sparks strong emotional reactions—especially outrage, fear, or envy—because those emotions drive clicks and time spent on the platform. But that often leads to divisiveness, anxiety, and distorted perceptions of reality."
"2025/06/25 9:21:37 pm GMT+5:30","Male","24-26","Assam, India","1","1","0","0","Smartphone","Instagram;WhatsApp;Twitter/X;YouTube;Snapchat","WhatsApp","3-5 hours","Leisure/Entertainment","Reels/Shorts","Reels/Shorts","Reels/Shorts","Reels/Shorts","Reels/Shorts","Reels/Shorts","Reels/Shorts","Boredom;FOMO (Fear of Missing Out);Social connection","Sometimes","Neutral","Sometimes","Sometimes","Sometimes","Sometimes","Sometimes","Yes","Yes","No","No","After a day","Neutral","Not sure","Sometimes","Sometimes","Below 10 times","Below 10 times","Below 10 times","Below 10 times","Below 10 times","Below 10 times","Below 10 times","Below 10 times","Sometimes","Maybe","Sometimes","No",""
"2025/06/25 9:23:49 pm GMT+5:30","Female","21-23","Assam, India ","0","0","0","","Smartphone;Tablet","Instagram;WhatsApp;YouTube","Instagram;WhatsApp;YouTube","3-5 hours","Both","Reels/Shorts","Reels/Shorts","Reels/Shorts","Reels/Shorts","Reels/Shorts","","","Boredom;Relaxation","Sometimes","Neutral","Always","Often","Often","","","Occasionally","Occasionally","Yes","Sometimes","Never","Neutral","No","No","Yes","10-30","10-30","","10-30","","","","","Sometimes","Maybe","Sometimes","No","I would like to make it more productive(in the sense to provide fruitfull contents, that can inspire and motivate the youth)
And I personally feel it depends on the users how he/she is using it. In my case it never affected me that badly because I use it for both entertainment and productive(academic purpose)."
"2025/06/25 9:41:59 pm GMT+5:30","Female","21-23","Assam, India ","1","1","0","0","Smartphone","Instagram;WhatsApp;YouTube","Instagram;WhatsApp","3-5 hours","Both","Reels/Shorts;Long form content;Image;Text","Reels/Shorts","Reels/Shorts","Reels/Shorts","Reels/Shorts","","","Boredom;Relaxation","Frequently","Neutral","Always","Always","Always","","","Occasionally","","Yes","Sometimes","Never","Neutral","No","Yes","Yes","Below 10 times","Below 10 times","","","","","","","Yes","No","Yes","No","Every thing has its own positive and negative impact...the addiction of current generation towards social media is a serious topic for concern...would like to change that"
"2025/06/25 10:01:13 pm GMT+5:30","Female","21-23","Tripura, India ","1","1","","","Smartphone","Instagram;WhatsApp;Twitter/X;YouTube","Instagram;Twitter/X;YouTube","5-7 hours","Both","Long form content","","","","","","Other","Boredom;Relaxation","Frequently","Both","Sometimes","Often","","","","No","No","No","Sometimes","After several hours","Neutral","Not sure","Sometimes","Sometimes","Below 10 times","10-30","","10-30","10-30","","","","Sometimes","No","Sometimes","No","Stop seeing un wanted thing with negative or harsh things"
"2025/06/25 10:22:09 pm GMT+5:30","Female","18-20","Assam, Guwahati ","1","1","","","Smartphone","Instagram;WhatsApp;YouTube;Reddit","YouTube","5-7 hours","Both","Reels/Shorts;Long form content","Reels/Shorts","","Other","","","Reels/Shorts","Boredom;FOMO (Fear of Missing Out);Habit;Validation/likes/comments","Sometimes","Both","","Often","Often","","Often","Yes","","No","Sometimes","After several hours","Neutral","Yes","Sometimes","Yes","10-30","Below 10 times","","30-50","","Below 10 times","","","Yes","No","Yes","Yes","I would like to block thd brain rot type of content thay come on my feed I would prefer it to productive content so I dont get distracted while doing the thing which is important "
"2025/06/26 9:22:30 am GMT+5:30","Male","21-23","Assam, India","1","1","","","Smartphone","Instagram;WhatsApp;Twitter/X;YouTube;Reddit;Snapchat","Instagram","3-5 hours","Both","Long form content","Reels/Shorts","Reels/Shorts","","Other","Other","","Social connection","Sometimes","Both","Often","Often","Often","Often","Often","No","Yes","No","No","After several hours","Anxious","No","Yes","Yes","10-30","10-30","","10-30","Below 10 times","Below 10 times","10-30","","No","Maybe","Yes","Yes",""
"2025/06/26 10:19:32 pm GMT+5:30","Female","21-23","Karnataka, India","2","2","2","1","Smartphone","Instagram;WhatsApp;YouTube","Instagram;WhatsApp;YouTube","3-5 hours","Both","Reels/Shorts;Long form content","Reels/Shorts","Both","Both","Reels/Shorts","None","None","Boredom;FOMO (Fear of Missing Out);Habit","Sometimes","Neutral","Sometimes","Sometimes","Sometimes","Sometimes","Rarely","No","Occasionally","No","Sometimes","After several hours","Neutral","Not sure","Sometimes","Yes","Below 10 times","10-30","Below 10 times","Below 10 times","Below 10 times","Below 10 times","Below 10 times","Below 10 times","Sometimes","Maybe","Sometimes","No","The short form of content that is reels and shorts, sometimes eat up my time and I forget to do some important tasks of my day"
"2025/06/26 10:25:48 pm GMT+5:30","Male","18-20","Assam, India","1","0","0","0","Smartphone","WhatsApp;YouTube","YouTube","3-5 hours","Both","Reels/Shorts","Reels/Shorts","Reels/Shorts","Reels/Shorts","","","","Boredom;Relaxation","Sometimes","Neutral","Often","","Often","","Sometimes","Occasionally","Occasionally","No","No","After a day","Neutral","Yes","Sometimes","Yes","10-30","","","10-30","","","","","Sometimes","Maybe","No","No","There should be a timer on every social media app according to the age of the user. Adult content should be prohibited for the minors and even their eradication should be taken into consideration. "
"2025/06/26 10:31:57 pm GMT+5:30","Male","21-23","Assam,India","1","1","","","Smartphone","Instagram;WhatsApp;YouTube;Reddit","Instagram;WhatsApp;YouTube;Reddit","5-7 hours","Work/Study;Leisure/Entertainment","Reels/Shorts;Long form content;Text","Reels/Shorts","Reels/Shorts","Reels/Shorts","Reels/Shorts","Reels/Shorts","","Habit;Social connection;Relaxation;Self-expression","Almost always","Both","Sometimes","Sometimes","Often","Sometimes","Sometimes","Yes","Yes","No","Sometimes","After several hours","Neutral","Not sure","Sometimes","Yes","10-30","10-30","Below 10 times","30-50","10-30","Below 10 times","","","Sometimes","Maybe","Sometimes","No","Eliminate fake influencers "
"2025/06/26 10:36:32 pm GMT+5:30","Male","21-23","Karnataka,India","1","1","1","","Smartphone;Laptop/PC","Instagram;WhatsApp;Twitter/X;YouTube;Snapchat","Instagram;YouTube","More than 7 hours","Both","Reels/Shorts;Long form content;Image;Text","Both","Both","Both","Both","Both","Both","Boredom;FOMO (Fear of Missing Out);Social connection;Validation/likes/comments","Frequently","Both","Rarely","Sometimes","Rarely","Often","Always","Yes","No","Yes","Yes","In 30 mins","Pressured to check","Yes","Yes","Sometimes","30-50","50+","10-30","30-50","Below 10 times","30-50","10-30","","Yes","Yes","Yes","Yes","Delete it"
"2025/06/26 10:47:14 pm GMT+5:30","Male","21-23","Assam, India","1","1","","","Smartphone","Instagram;WhatsApp;YouTube","Instagram","1-3 hours","Leisure/Entertainment","Reels/Shorts;Image","","Reels/Shorts","Reels/Shorts","Reels/Shorts","","","Boredom;Relaxation","Sometimes","Neutral","Often","","Often","","","Occasionally","Occasionally","No","Sometimes","Never","Neutral","Not sure","No","Yes","Below 10 times","10-30","","Below 10 times","","","","","Sometimes","Maybe","Sometimes","Yes",""
"2025/06/26 10:57:23 pm GMT+5:30","Male","21-23","Assam, India","1","1","","","Smartphone","Instagram;WhatsApp;YouTube","YouTube","3-5 hours","Leisure/Entertainment","Reels/Shorts","Reels/Shorts","Both","Other","","","","Boredom;Habit;Relaxation","Rarely","Neutral","Sometimes","Rarely","Never","Never","Never","Occasionally","","Yes","Sometimes","After several hours","Neutral","Yes","Sometimes","Yes","10-30","Below 10 times","","30-50","","","","","Sometimes","No","Yes","No","I lose a lot of time scrolling through shorts the time which I could have used doing something more productive like reading a book etc. I would like it to be less addictive."
"2025/06/26 11:34:00 pm GMT+5:30","Female","21-23","Assam, India ","2","0","0","0","Smartphone","Instagram;Facebook;WhatsApp;YouTube;Snapchat","WhatsApp;YouTube","3-5 hours","Work/Study;Leisure/Entertainment;Both","Reels/Shorts;Long form content;Image","Reels/Shorts","Other","Other","Other","","Other","Boredom;Habit;Social connection;Self-expression","Sometimes","Both","Often","Sometimes","Sometimes","Sometimes","Rarely","Yes","Yes","No","Sometimes","After several hours","Neutral","Yes","Sometimes","Sometimes","30-50","10-30","Below 10 times","30-50","","","","","Sometimes","Yes","Yes","No",""
"2025/06/27 7:02:07 am GMT+5:30","Male","21-23","India,Assam","1","1","","1","Smartphone","Instagram;WhatsApp;YouTube","Instagram;YouTube","1-3 hours","Both","Long form content","","Both","Both","Both","","Both","Social connection","Sometimes","Neutral","Rarely","Never","Often","Never","Never","No","Yes","No","No","Never","Neutral","No","No","Yes","10-30","10-30","","30-50","","","","Below 10 times","No","No","No","No",""
"2025/06/27 8:37:14 am GMT+5:30","Female","21-23","Assam, India","1","1","0","0","Smartphone;Laptop/PC","WhatsApp;Twitter/X;YouTube","WhatsApp;Twitter/X;YouTube","1-3 hours","Work/Study;Leisure/Entertainment;Both","Reels/Shorts;Long form content;Image","Reels/Shorts","Reels/Shorts","Reels/Shorts","Reels/Shorts","Reels/Shorts","","Boredom;FOMO (Fear of Missing Out);Habit;Social connection;Relaxation;Validation/likes/comments;Self-expression","Sometimes","Both","Always","Always","Always","Always","Always","Yes","Yes","No","Yes","In 30 mins","Excited","Yes","Yes","Yes","50+","","","","","","","","Yes","Yes","Yes","Yes",""
"2025/06/27 10:50:24 am GMT+5:30","Male","21-23","Assam, India","2","1","1","1","Smartphone","Instagram;Facebook;WhatsApp;YouTube","Instagram;Facebook;WhatsApp;YouTube","3-5 hours","Both","Reels/Shorts","Reels/Shorts","Both","Both","Both","Both","","Boredom;Relaxation","Sometimes","Neutral","Sometimes","Sometimes","Often","Rarely","Rarely","Occasionally","Yes","No","Sometimes","Never","Neutral","Not sure","Sometimes","Yes","50+","10-30","10-30","30-50","Below 10 times","Below 10 times","Below 10 times","","No","No","Sometimes","No",""
"2025/06/27 12:37:59 pm GMT+5:30","Female","18-20","assam, india","1","1","0","2+","Smartphone","WhatsApp","WhatsApp","5-7 hours","Leisure/Entertainment;Both","I use social media to be aware of latest tech and trends in time","Both","Both","Both","Both","Both","Both","Boredom;FOMO (Fear of Missing Out);Social connection","Sometimes","Neutral","Sometimes","Rarely","Never","Rarely","Never","Yes","Occasionally","No","Sometimes","In 30 mins","Pressured to check","Yes","Yes","Yes","50+","10-30","Below 10 times","Below 10 times","Below 10 times","Below 10 times","","Below 10 times","Yes","Yes","Yes","Yes","there should be a limited amount of time after which there should be a slowdown period and hence not allowing us to access it for like 20mins or so, that way we can get of our phones atleast"
"2025/06/27 9:40:47 pm GMT+5:30","Female","24-26","West Bengal, India","2","1","0","1","Smartphone","Instagram;WhatsApp","Instagram","3-5 hours","Both","Reels/Shorts;Long form content;Image;Text","Both","Both","Both","Both","Both","","Boredom;Habit;Relaxation","Sometimes","Neutral","Sometimes","Sometimes","Often","Often","Often","Yes","Occasionally","Yes","Sometimes","Never","Neutral","Yes","Sometimes","Yes","30-50","30-50","Below 10 times","10-30","Below 10 times","Below 10 times","Below 10 times","Below 10 times","Yes","Yes","Sometimes","Yes",""
"2025/06/27 9:42:32 pm GMT+5:30","Female","21-23","Assam, India","1","1","","","Smartphone","Instagram;YouTube","YouTube","More than 7 hours","Leisure/Entertainment","Reels/Shorts","Reels/Shorts","Reels/Shorts","Other","","","","Boredom","Rarely","Neutral","Sometimes","Sometimes","Sometimes","","","Yes","","No","No","Never","Annoyed","Yes","Sometimes","Yes","50+","50+","","10-30","","","","","Yes","Yes","Yes","No",""
"2025/06/27 9:45:48 pm GMT+5:30","Female","Above 26","","1","1","1","0","Smartphone;Laptop/PC","Instagram;WhatsApp;YouTube;Reddit","YouTube","5-7 hours","Leisure/Entertainment","Reels/Shorts;Long form content;Image;Text","Reels/Shorts","Other","Other","None","None","None","Boredom;Habit;Relaxation","Rarely","Both","Rarely","Sometimes","Never","Rarely","Rarely","Yes","No","Yes","No","After a day","Anxious","Yes","Sometimes","Sometimes","Below 10 times","Below 10 times","","Below 10 times","","Below 10 times","","","Sometimes","Maybe","Sometimes","No",""
"2025/06/27 9:50:20 pm GMT+5:30","Female","Above 26","West Bengal, India","1","0","1","0","Smartphone","Instagram;Facebook;WhatsApp;YouTube","Instagram;WhatsApp;YouTube","3-5 hours","Leisure/Entertainment","Reels/Shorts;Long form content;Text","Reels/Shorts","Both","Both","Both","","","Social connection;Relaxation;Self-expression","Sometimes","Both","Often","Often","Sometimes","Sometimes","Rarely","No","Occasionally","No","No","Never","Neutral","No","No","Yes","10-30","Below 10 times","Below 10 times","Below 10 times","","","","","No","No","No","No",""
"2025/06/27 10:04:56 pm GMT+5:30","Male","21-23","","1","1","","1","Smartphone","Instagram;Facebook;WhatsApp;YouTube;Reddit;Snapchat","Instagram;Facebook;WhatsApp;YouTube","1-3 hours","Leisure/Entertainment","Reels/Shorts;Long form content;Image;Text","Both","Both","Both","Both","Both","","Boredom;Social connection;Self-expression","Rarely","Neutral","Rarely","Rarely","Often","Sometimes","Sometimes","Occasionally","Occasionally","Yes","Sometimes","Never","Neutral","Yes","Sometimes","Yes","50+","10-30","Below 10 times","50+","Below 10 times","Below 10 times","Below 10 times","Below 10 times","Sometimes","No","No","No","I would prefer to avoid reels. They are the biggest negative of social media "
"2025/06/27 10:12:45 pm GMT+5:30","Male","21-23","West Bengal, India","1","1","1","","Smartphone","Instagram;WhatsApp;YouTube;Reddit","Instagram","1-3 hours","Leisure/Entertainment","Reels/Shorts;Long form content","Reels/Shorts","Both","Other","Other","Other","","Boredom;Habit;Relaxation","Rarely","Negatively","Rarely","Sometimes","Never","Never","Rarely","Yes","No","Yes","Yes","In 30 mins","Pressured to check","Yes","Yes","No","10-30","30-50","Below 10 times","10-30","Below 10 times","10-30","Below 10 times","","Yes","No","No","Yes",""
"2025/06/27 10:48:59 pm GMT+5:30","Female","24-26","Assam, India","1","1","","","Smartphone","WhatsApp;YouTube","YouTube","3-5 hours","Both","Reels/Shorts","","","Reels/Shorts","Reels/Shorts","","","Relaxation","Frequently","Neutral","Sometimes","Sometimes","Sometimes","Rarely","Rarely","Yes","No","No","Sometimes","After a day","Neutral","Not sure","No","Yes","10-30","10-30","Below 10 times","10-30","Below 10 times","Below 10 times","Below 10 times","Below 10 times","Yes","No","No","No",""
"2025/06/27 11:07:35 pm GMT+5:30","Male","21-23","Assam,India","1","1","","","Smartphone","Instagram;WhatsApp;Twitter/X;YouTube","Instagram;WhatsApp;Twitter/X","5-7 hours","Both","Reels/Shorts;Long form content;Image;Text","Reels/Shorts","Reels/Shorts","Both","Reels/Shorts","Reels/Shorts","","Boredom;Habit;Social connection;Relaxation","Sometimes","Both","Rarely","Never","Never","Never","Never","Yes","No","No","Sometimes","Never","Neutral","Yes","Yes","Yes","50+","30-50","","50+","30-50","","","","Yes","No","No","No","Make it more real and authentic than fake"
"2025/06/27 11:36:16 pm GMT+5:30","Female","24-26","Dortmund, Gernany","2","1","0","","Smartphone","Instagram;WhatsApp;Snapchat","WhatsApp;Snapchat","3-5 hours","Both","Reels/Shorts;Image","Both","Both","Both","Reels/Shorts","Other","Other","Boredom;Habit;Social connection;Self-expression","Frequently","Both","Sometimes","Sometimes","Sometimes","Sometimes","Sometimes","Yes","Occasionally","Yes","Sometimes","After a day","Pressured to check","Yes","Sometimes","Sometimes","10-30","Below 10 times","","Below 10 times","","","10-30","","Yes","Yes","Sometimes","No","To make it go completely off for all for a day once a week"
"2025/06/28 12:53:17 pm GMT+5:30","Male","24-26","Assam, India ","1","1","0","0","Smartphone","Instagram;Facebook;WhatsApp;YouTube","Instagram;Facebook;WhatsApp","5-7 hours","Leisure/Entertainment","Reels/Shorts;Image;Text","Both","Other","Both","","Both","None","Boredom;FOMO (Fear of Missing Out);Social connection;Relaxation","Rarely","Positively","Always","Often","Never","Never","Never","No","No","No","Sometimes","After several hours","Neutral","Yes","No","No","30-50","30-50","30-50","30-50","30-50","30-50","30-50","30-50","No","Yes","","",""
"2025/06/28 12:59:18 pm GMT+5:30","Female","21-23","Assam, India","1","1","0","0","Smartphone;Laptop/PC","Facebook;WhatsApp;YouTube","Facebook;WhatsApp","5-7 hours","Work/Study;Leisure/Entertainment;Both","Reels/Shorts;Long form content;Image;Text","","Reels/Shorts","Reels/Shorts","Reels/Shorts","","","Habit","Rarely","Neutral","Sometimes","Often","Often","Never","Never","No","Yes","Yes","Yes","In 30 mins","Neutral","Not sure","Sometimes","No","50+","10-30","50+","Below 10 times","Below 10 times","Below 10 times","Below 10 times","Below 10 times","Yes","No","Yes","Yes",""
"2025/06/28 12:59:36 pm GMT+5:30","Female","21-23","Assam, India","1","1","1","0","Smartphone","Instagram;WhatsApp;YouTube","Instagram;WhatsApp","1-3 hours","Both","Reels/Shorts;Text","Both","Both","Both","","","","Relaxation","Rarely","Positively","","","Often","","","","Yes","No","Sometimes","In 30 mins","Neutral","No","Sometimes","Yes","10-30","10-30","","","","","","","Sometimes","Maybe","Yes","No",""
"2025/06/28 1:16:15 pm GMT+5:30","Female","21-23","Assam, India ","1","1","","","Smartphone","Instagram;WhatsApp;YouTube","WhatsApp","More than 7 hours","Both","Reels/Shorts","","","","","","","Social connection","Sometimes","Negatively","Sometimes","Sometimes","Sometimes","Sometimes","Sometimes","Yes","No","Yes","Yes","After several hours","Pressured to check","Yes","Sometimes","Sometimes","30-50","30-50","","10-30","Below 10 times","Below 10 times","Below 10 times","Below 10 times","Yes","Yes","No","Yes",""
"2025/06/28 1:17:10 pm GMT+5:30","Female","21-23","Assam,India ","1","1","","","Smartphone","Instagram;WhatsApp;YouTube","Instagram","More than 7 hours","Leisure/Entertainment","Reels/Shorts","Both","Both","Both","","","","Boredom","Rarely","Neutral","","Often","","","","","","Yes","Yes","After several hours","Neutral","Not sure","Sometimes","Sometimes","10-30","10-30","","10-30","","","","","Yes","Maybe","Yes","Yes","Perhaps putting time limits on the apps"
"2025/06/28 1:28:15 pm GMT+5:30","Female","21-23","Assam,India","2","1","1","2","Smartphone","Instagram;WhatsApp;YouTube;Snapchat","Instagram;WhatsApp;YouTube;Snapchat","3-5 hours","Both","Reels/Shorts;Long form content;Image","Both","Both","Both","Both","","","Social connection;Self-expression","Sometimes","Neutral","","","Sometimes","","","","Occasionally","No","Sometimes","Never","Neutral","No","Sometimes","Yes","10-30","Below 10 times","","10-30","","","Below 10 times","","Sometimes","No","Sometimes","Yes","I would reduce the pressure to constantly compare myself to others so social media feels more inspiring than overwhelming."
"2025/06/28 1:31:32 pm GMT+5:30","Female","21-23","Assam, India ","1","1","0","0","Smartphone","Instagram;Facebook;WhatsApp;Twitter/X;YouTube","WhatsApp;YouTube","3-5 hours","Work/Study;Leisure/Entertainment;Both","Long form content;Image","","Reels/Shorts","Reels/Shorts","Reels/Shorts","","","Social connection;Relaxation","Sometimes","Neutral","","Always","Rarely","Sometimes","Never","No","Yes","No","No","After several hours","Pressured to check","Not sure","Yes","Sometimes","10-30","30-50","Below 10 times","50+","Below 10 times","","","","Sometimes","Maybe","Yes","No","Change the system of vlogging with unnecessary purpose for spend their luxury life with the spread of bad impact in social circle and child life ."
"2025/06/28 1:32:03 pm GMT+5:30","Female","21-23","Assam, India ","2","2","","","Smartphone","Instagram;WhatsApp;YouTube","Instagram;WhatsApp;YouTube","1-3 hours","Both","Reels/Shorts;Long form content","Both","Reels/Shorts","Both","Both","None","Both","Boredom;Relaxation","Sometimes","Both","Sometimes","Sometimes","Rarely","Rarely","Rarely","No","No","Yes","Yes","Never","Neutral","Not sure","Sometimes","Sometimes","10-30","30-50","","50+","","","","","Yes","Yes","Sometimes","No",""
"2025/06/28 1:34:48 pm GMT+5:30","Male","21-23","Assam, India","2","1","0","0","Smartphone","Instagram;WhatsApp;YouTube","Instagram;WhatsApp;YouTube","5-7 hours","Leisure/Entertainment","Image;Text","Other","Reels/Shorts","Reels/Shorts","Reels/Shorts","Other","Other","Boredom;FOMO (Fear of Missing Out)","Rarely","Both","Sometimes","Often","Sometimes","Sometimes","Often","Yes","No","Yes","No","In 30 mins","Pressured to check","Yes","Yes","Yes","10-30","10-30","","10-30","","","","","Yes","No","Yes","Yes","If it could add value to my life it woud have been great"
"2025/06/28 1:36:17 pm GMT+5:30","Female","21-23","Assam, india ","1","1","","","Smartphone","Instagram;WhatsApp;YouTube","Instagram;WhatsApp;YouTube","5-7 hours","Both","Reels/Shorts","","Both","Reels/Shorts","Reels/Shorts","","","Boredom;Habit;Social connection;Relaxation","Sometimes","Both","Always","Often","Sometimes","Sometimes","","Yes","Yes","Yes","Yes","After a day","Pressured to check","Yes","Yes","Sometimes","Below 10 times","10-30","","Below 10 times","","","","","Yes","Yes","Yes","No","Set a time limit restriction on apps so that I won't be able to use it after the set time limit"
"2025/06/28 1:41:56 pm GMT+5:30","Male","21-23","Assam, India","1","1","","","Smartphone","Instagram;Facebook;WhatsApp;YouTube","Instagram;Facebook;WhatsApp;YouTube","3-5 hours","Both","Reels/Shorts;Image;Text","","Reels/Shorts","Reels/Shorts","Reels/Shorts","","","Relaxation;Self-expression","Almost always","Positively","Sometimes","Sometimes","Sometimes","Rarely","Rarely","No","Yes","No","Sometimes","After several hours","Excited","Not sure","Sometimes","Yes","10-30","10-30","10-30","10-30","Below 10 times","Below 10 times","Below 10 times","Below 10 times","Sometimes","No","No","No",""
"2025/06/28 1:42:24 pm GMT+5:30","Female","24-26","Assam, India ","1","1","","","Smartphone","Instagram;WhatsApp;YouTube","WhatsApp","3-5 hours","Both","Reels/Shorts","","","","","","Reels/Shorts","Habit;Relaxation","Rarely","Both","Sometimes","Rarely","Often","Sometimes","Sometimes","Yes","","No","Sometimes","Never","Neutral","Not sure","Sometimes","Yes","10-30","10-30","","10-30","","","","","Sometimes","Maybe","Sometimes","No","Limited use"
"2025/06/28 1:42:47 pm GMT+5:30","Female","21-23","","2","","","","Smartphone","WhatsApp","Instagram","1-3 hours","Both","Reels/Shorts","","","","","","Both","Social connection","Sometimes","Both","","Sometimes","","","","","No","No","No","After several hours","Anxious","Not sure","Sometimes","Sometimes","30-50","","","","","","","","No","No","Sometimes","No",""
"2025/06/28 1:50:14 pm GMT+5:30","Female","21-23","Assam, India ","1","1","","","Smartphone","Instagram;Facebook;WhatsApp;YouTube;Snapchat","Instagram;WhatsApp","5-7 hours","Both","Reels/Shorts;Long form content;Image;Text","Both","Other","Both","Both","","Reels/Shorts","Boredom;Habit","Almost always","Both","Sometimes","Sometimes","Rarely","Often","Sometimes","Occasionally","Occasionally","Yes","Sometimes","After several hours","Neutral","Yes","Yes","No","10-30","10-30","","10-30","","","","","Sometimes","No","Sometimes","Yes",""
"2025/06/28 1:51:04 pm GMT+5:30","Female","21-23","Assam, India","1","1","1","","Smartphone","Instagram;WhatsApp;Snapchat","Instagram;Snapchat","3-5 hours","Both","Reels/Shorts;Long form content;Image;Text","Both","Both","Both","Reels/Shorts","None","Reels/Shorts","Boredom;Habit","Rarely","Neutral","Sometimes","Sometimes","Rarely","Never","Never","Occasionally","Occasionally","No","No","Never","Neutral","Not sure","Sometimes","Yes","30-50","50+","","","","","Below 10 times","","Sometimes","No","Sometimes","No",""
"2025/06/28 2:40:43 pm GMT+5:30","Female","21-23","Assam,India ","1","","","","Smartphone","Instagram;WhatsApp;YouTube","WhatsApp","5-7 hours","Both","Reels/Shorts;Long form content;Image;Text","Reels/Shorts","","Reels/Shorts","","","","Relaxation","Rarely","Both","Sometimes","","Sometimes","Sometimes","","","Yes","Yes","Sometimes","After several hours","Neutral","Yes","Yes","Yes","50+","30-50","10-30","10-30","","","","","Yes","Yes","No","Yes","I wouldn't stay more time on social media "
"2025/06/28 2:44:42 pm GMT+5:30","Female","18-20","Assam, India","1","1","1","","Smartphone","YouTube","YouTube","3-5 hours","Work/Study","Long form content","","Reels/Shorts","Reels/Shorts","","","","Habit;Relaxation","Rarely","Positively","Rarely","Rarely","Sometimes","Never","Never","Yes","Occasionally","No","No","Never","Neutral","Not sure","Yes","Yes","Below 10 times","Below 10 times","Below 10 times","Below 10 times","Below 10 times","Below 10 times","Below 10 times","","Yes","No","No","Yes","Less of brain rotting content"
"2025/06/28 2:47:42 pm GMT+5:30","","","","1","","","","Smartphone","Instagram;YouTube","Instagram;Facebook;WhatsApp","1-3 hours","Work/Study","Reels/Shorts","Reels/Shorts","","","","Reels/Shorts","","Habit;Self-expression","Frequently","Both","","","Always","","","Yes","","No","Yes","After several hours","Neutral","Yes","Yes","Yes","","30-50","","Below 10 times","","","","","Yes","No","No","No",""
"2025/06/28 2:48:59 pm GMT+5:30","Male","21-23","Assam, India ","2+","2+","0","1","Smartphone;Laptop/PC;Other","Instagram;WhatsApp;YouTube;","Instagram;WhatsApp;YouTube;","More than 7 hours","Work/Study;Leisure/Entertainment","Reels/Shorts;Long form content;Image;Text","Reels/Shorts","Other","Other","Other","Other","","Boredom;Social connection","Frequently","Both","Always","Always","Always","","Often","Occasionally","Yes","Yes","","","Excited","Yes","Sometimes","Sometimes","50+","50+","","50+","","","","50+","Sometimes","Maybe","Sometimes","Yes",""
"2025/06/28 3:20:14 pm GMT+5:30","Male","21-23","Assam, India ","1","1","","","Smartphone;Laptop/PC","Instagram;WhatsApp;YouTube","Instagram;WhatsApp;YouTube","1-3 hours","Both","Reels/Shorts;Long form content","Reels/Shorts","","Reels/Shorts","Reels/Shorts","","","Relaxation","Sometimes","Both","","Always","Always","","","","","Yes","Sometimes","After several hours","Neutral","Not sure","No","Sometimes","10-30","10-30","","10-30","","","","","Sometimes","Maybe","Sometimes","No",""
"2025/06/28 3:34:45 pm GMT+5:30","Male","21-23","Assam,India ","2","1","0","0","Smartphone","Instagram;Facebook;WhatsApp;YouTube","Instagram;Facebook;WhatsApp","5-7 hours","Both","Reels/Shorts;Long form content;Image;Text","Reels/Shorts","Both","Both","","","","Social connection;Relaxation","Sometimes","Both","Always","Always","Often","Always","Often","No","No","No","No","Never","Excited","Yes","No","No","10-30","10-30","10-30","Below 10 times","","","","","Yes","No","Yes","No","I would remove the constant comparison culture, so it feels less like a competition and more like genuine connection. That way, it could support mental well-being instead of undermining it.
"
"2025/06/28 3:35:25 pm GMT+5:30","Male","21-23","Assam,India","1","1","0","0","Smartphone","Instagram;Facebook;WhatsApp;Twitter/X;YouTube;Reddit","Instagram;WhatsApp;YouTube","3-5 hours","Work/Study;Leisure/Entertainment;Both","Reels/Shorts;Long form content;Image;Text","Reels/Shorts","None","Both","None","Both","","Habit;Social connection;Relaxation","Rarely","Neutral","Sometimes","Sometimes","Sometimes","Sometimes","Sometimes","Yes","Occasionally","No","Yes","Never","Neutral","","Sometimes","Yes","10-30","10-30","Below 10 times","30-50","Below 10 times","Below 10 times","","","Yes","Yes","Sometimes","Yes","Algorithm dont drift away to random bullshit"
"2025/06/28 4:11:59 pm GMT+5:30","Female","21-23","Aasam, India","1","1","","","Smartphone","Instagram;WhatsApp;YouTube","YouTube","5-7 hours","Both","Long form content","","Reels/Shorts","Other","Reels/Shorts","","","Habit","Rarely","Both","Sometimes","","Sometimes","Rarely","","","Occasionally","No","No","After several hours","Neutral","Yes","Yes","Yes","Below 10 times","10-30","","10-30","","","","","Yes","Maybe","Sometimes","No","To reduce screen time"
"2025/06/28 6:11:57 pm GMT+5:30","Female","24-26","Assam, India ","1","","","","Smartphone","Instagram;Facebook;WhatsApp;YouTube","Instagram;Facebook;WhatsApp;YouTube","More than 7 hours","Work/Study;Leisure/Entertainment;Both","Reels/Shorts;Long form content;Image;Text","","Reels/Shorts","Other","","","","Social connection","Rarely","Both","","Rarely","Sometimes","Rarely","Sometimes","Occasionally","Occasionally","Yes","No","In 30 mins","Annoyed","Yes","Sometimes","Sometimes","10-30","Below 10 times","10-30","Below 10 times","","","","","Yes","Maybe","Sometimes","Yes","I aim to reform the network system to reduce the spread of harmful content that affects mental health."
"2025/06/28 6:24:08 pm GMT+5:30","Female","21-23","Assam, India ","1","1","0","0","Smartphone","Instagram;WhatsApp;YouTube;Chat gpt","Instagram;WhatsApp;YouTube","3-5 hours","Leisure/Entertainment","Reels/Shorts","Reels/Shorts","None","None","Reels/Shorts","None","Reels/Shorts","Boredom;FOMO (Fear of Missing Out);Habit;Relaxation;Self-expression","Rarely","Both","Sometimes","Rarely","Sometimes","Sometimes","Sometimes","Yes","No","Yes","Yes","After several hours","Neutral","Yes","Yes","No","10-30","Below 10 times","","Below 10 times","","","","","Yes","Yes","Yes","No","Nothing much...want to back long form contents more "
"2025/06/28 7:29:58 pm GMT+5:30","Male","21-23","Assam, Indian ","1","1","1","","Smartphone","Facebook;WhatsApp;YouTube","WhatsApp;YouTube","3-5 hours","Both","Reels/Shorts;Long form content","Both","Both","Both","","","","FOMO (Fear of Missing Out);Habit;Social connection;Relaxation;Validation/likes/comments;Self-expression","Almost always","Both","Often","Often","Sometimes","Sometimes","Sometimes","No","Yes","No","Sometimes","After several hours","Neutral","No","Yes","No","30-50","","30-50","50+","","","","","Yes","Yes","Yes","No",""
"2025/06/28 7:37:45 pm GMT+5:30","Male","21-23","Assam, India ","1","1","0","0","Smartphone","Instagram;Facebook;WhatsApp;YouTube","Instagram;YouTube","More than 7 hours","Leisure/Entertainment","Reels/Shorts","Reels/Shorts","Reels/Shorts","Reels/Shorts","","Reels/Shorts","Reels/Shorts","Boredom;FOMO (Fear of Missing Out);Habit;Social connection;Relaxation","Rarely","Negatively","Always","Always","Sometimes","Often","Sometimes","Yes","No","Yes","Yes","In 30 mins","Excited","Yes","Yes","No","10-30","10-30","Below 10 times","10-30","","","","","Yes","Yes","Yes","No",""
"2025/06/28 9:12:40 pm GMT+5:30","Female","21-23","Assam,India","1","1","2","","Smartphone;Laptop/PC","Instagram;Facebook;WhatsApp;Twitter/X;YouTube;Snapchat","Instagram;WhatsApp;YouTube","5-7 hours","Leisure/Entertainment","Reels/Shorts","Reels/Shorts","Reels/Shorts","Reels/Shorts","Reels/Shorts","","","Boredom;FOMO (Fear of Missing Out);Relaxation","Sometimes","Positively","Sometimes","Always","Often","Never","Never","Yes","Yes","Yes","Yes","In 30 mins","Excited","Yes","Yes","No","10-30","10-30","10-30","10-30","","","10-30","","Yes","Yes","Sometimes","No",""
"2025/06/28 9:31:26 pm GMT+5:30","Male","21-23","Assam, India ","1","1","1","","Smartphone","WhatsApp","WhatsApp","1-3 hours","Work/Study;Both","","None","None","None","None","None","None","","Rarely","Positively","Sometimes","Never","Sometimes","Never","Never","Occasionally","","No","No","Never","Neutral","Not sure","Sometimes","Yes","10-30","Below 10 times","Below 10 times","Below 10 times","Below 10 times","Below 10 times","Below 10 times","Below 10 times","Sometimes","Maybe","No","No","I would change the way social media fuels comparison and low self-worth."
"2025/06/28 11:28:43 pm GMT+5:30","Female","21-23","Assam, India ","1","1","0","0","Smartphone;Laptop/PC","Instagram;Facebook;WhatsApp;YouTube","Instagram;WhatsApp","5-7 hours","Both","Reels/Shorts","Reels/Shorts","Reels/Shorts","Reels/Shorts","","","","Boredom;Social connection;Relaxation","Sometimes","Both","Sometimes","Always","Sometimes","Rarely","Never","No","Yes","No","No","After several hours","Neutral","Yes","Yes","Yes","10-30","10-30","Below 10 times","Below 10 times","","","","","Yes","Maybe","Yes","No","Nothing "
"2025/06/29 9:19:54 am GMT+5:30","Male","21-23","Assam, India","1","2","1","1","Smartphone","Instagram;WhatsApp;YouTube;Reddit","WhatsApp;YouTube","5-7 hours","Both","Long form content","Both","Both","Other","Other","None","None","Boredom;Social connection;Relaxation;Studies","Sometimes","Negatively","Sometimes","Sometimes","Sometimes","Rarely","Rarely","Yes","Yes","Yes","Sometimes","Never","Neutral","Yes","Sometimes","Yes","10-30","10-30","","10-30","","Below 10 times","","","Yes","No","Yes","Yes","It's useful when I use youtube to learn new things or study some topic, but instagram and other social media platforms feels like distraction."
"2025/06/29 2:17:44 pm GMT+5:30","Female","21-23","Assam, India ","1","1","0","1","Smartphone;Laptop/PC","Instagram;WhatsApp;YouTube","Instagram;WhatsApp","5-7 hours","Both","Reels/Shorts;Image","Both","Reels/Shorts","Both","Both","None","None","Boredom;Habit;Social connection;Relaxation;Self-expression","Sometimes","Both","Sometimes","Sometimes","Sometimes","Sometimes","Sometimes","Occasionally","Occasionally","Yes","Sometimes","In 30 mins","Neutral","Yes","Yes","Sometimes","30-50","30-50","","10-30","","","Below 10 times","","Yes","Yes","Sometimes","No",""
"2025/06/29 2:43:01 pm GMT+5:30","Female","21-23","Assam, India","1","1","1","","Smartphone","Instagram;WhatsApp;YouTube;","Instagram","5-7 hours","Leisure/Entertainment;Both","Reels/Shorts","Reels/Shorts","Reels/Shorts","Other","Other","None","None","Habit;Relaxation","Sometimes","Both","Rarely","Often","Never","Sometimes","Sometimes","Yes","No","Yes","Yes","In 30 mins","Neutral","Yes","Yes","Sometimes","30-50","30-50","Below 10 times","50+","Below 10 times","Below 10 times","10-30","","Yes","Maybe","Yes","Yes","NA"
"2025/06/30 8:18:17 am GMT+5:30","Female","21-23","Assam,India","1","","1","","Smartphone;Tablet","WhatsApp;Twitter/X;YouTube","WhatsApp","1-3 hours","Work/Study;Leisure/Entertainment;Both","Long form content;Image","Reels/Shorts","","Reels/Shorts","Reels/Shorts","","","Boredom;Habit","Sometimes","Neutral","Sometimes","Sometimes","Often","","","Yes","Yes","No","Sometimes","After a day","Neutral","Yes","Sometimes","Yes","30-50","","","30-50","","","","","Yes","No","Yes","Yes","Make it a study content via scrolling"
"2025/07/01 8:03:52 pm GMT+5:30","Male","21-23","Assam, Guwahati ","1","1","","1","Smartphone","Instagram;YouTube","Instagram;YouTube","1-3 hours","Both","Reels/Shorts;Long form content","Both","Both","Both","","Both","Both","Boredom;Social connection;Relaxation;Self-expression","Frequently","Both","Often","Often","Sometimes","Often","Rarely","Yes","Yes","Yes","Sometimes","After a day","Neutral","Yes","Yes","Yes","Below 10 times","10-30","","10-30","","","","","Yes","Yes","Yes","No","I would put a timer on my phone to not waste time social media "
"2025/07/01 9:03:36 pm GMT+5:30","Others","Below 18","Assam, India ","2+","1","2","","Smartphone","Instagram;Facebook;WhatsApp;Twitter/X;Reddit;Snapchat","Instagram;Snapchat","More than 7 hours","Leisure/Entertainment","Reels/Shorts","Reels/Shorts","None","None","None","Reels/Shorts","None","Relaxation;Validation/likes/comments;Self-expression","Almost always","Positively","Always","Always","Always","Rarely","Rarely","No","Yes","Yes","Yes","In 30 mins","Excited","Yes","Sometimes","No","Below 10 times","50+","10-30","Below 10 times","50+","Below 10 times","50+","","Yes","Maybe","No","No","no restriction on 18+ content "
"2025/07/01 9:09:49 pm GMT+5:30","","21-23","Assam, India ","1","1","0","","Smartphone","WhatsApp;YouTube","WhatsApp;YouTube","3-5 hours","Both","Long form content","Reels/Shorts","Other","Other","None","Both","None","Relaxation","Sometimes","Both","Rarely","Sometimes","Often","Rarely","Rarely","Yes","Yes","No","Sometimes","Never","Neutral","Not sure","Sometimes","Yes","10-30","Below 10 times","","10-30","","","","","Sometimes","No","Sometimes","No","No change "
"2025/07/03 6:11:58 pm GMT+5:30","Male","21-23","West Bengal, India ","1","1","1","","Smartphone;Tablet","Instagram;Facebook;WhatsApp;YouTube","Instagram;Facebook;WhatsApp;YouTube","3-5 hours","Both","Reels/Shorts;Image;Text","Reels/Shorts","Reels/Shorts","Reels/Shorts","Reels/Shorts","","","Social connection;Relaxation;Self-expression","Sometimes","Positively","","","Often","Sometimes","","","","Yes","Sometimes","Never","Neutral","Not sure","No","Yes","10-30","10-30","10-30","10-30","","","","","Sometimes","Yes","Yes","Yes",""
"2025/07/03 6:21:54 pm GMT+5:30","Male","21-23","West Bengal, India ","1","1","","","Smartphone;Laptop/PC","Instagram;WhatsApp;Twitter/X;YouTube","Instagram;WhatsApp;Twitter/X;YouTube","3-5 hours","Both","Reels/Shorts;Long form content","Reels/Shorts","","","Reels/Shorts","Reels/Shorts","","","Sometimes","Neutral","Always","Always","","Always","Always","Occasionally","Occasionally","Yes","Yes","After several hours","Neutral","Yes","Yes","No","50+","50+","","50+","50+","","","50+","Yes","Yes","Yes","Yes",""
"2025/07/03 6:22:05 pm GMT+5:30","Female","18-20","West Bengal,India ","2","1","1","1","Smartphone;Laptop/PC;Tablet;Other","Instagram;Facebook;WhatsApp;Twitter/X;YouTube;Snapchat","Instagram;Facebook;WhatsApp;Twitter/X;YouTube;Snapchat","More than 7 hours","Reel ","Reels/Shorts;Long form content;Image;Text","Reels/Shorts","Reels/Shorts","Reels/Shorts","Reels/Shorts","Reels/Shorts","","Boredom;Habit;Social connection;Relaxation;Validation/likes/comments;Self-expression","Rarely","Both","Sometimes","Sometimes","Sometimes","Sometimes","Sometimes","Yes","Yes","Yes","Yes","After a day","Neutral","Not sure","Sometimes","Sometimes","50+","50+","30-50","50+","30-50","30-50","30-50","","Yes","Maybe","Sometimes","No",""
"2025/07/03 7:18:19 pm GMT+5:30","Female","21-23","Assam,India ","1","1","1","","Smartphone","WhatsApp","Instagram","1-3 hours","Leisure/Entertainment","Reels/Shorts;Image","Reels/Shorts","Reels/Shorts","Reels/Shorts","Reels/Shorts","","Reels/Shorts","FOMO (Fear of Missing Out);Habit","Rarely","Neutral","Sometimes","Sometimes","Sometimes","Sometimes","Sometimes","Yes","No","Yes","Yes","In 30 mins","Pressured to check","No","Yes","No","Below 10 times","10-30","","10-30","","","","","Yes","Yes","Yes","Yes",""
"2025/07/09 1:23:06 am GMT+5:30","Male","18-20","West Bengal, India","1","1","0","0","Smartphone","Instagram;Facebook;WhatsApp;YouTube","Instagram;WhatsApp","5-7 hours","Both","Reels/Shorts;Long form content;Text","Reels/Shorts","Both","Both","Both","Both","Reels/Shorts","Social connection;Validation/likes/comments","Sometimes","Both","Sometimes","Sometimes","Sometimes","Sometimes","Sometimes","Occasionally","Occasionally","No","Sometimes","In 30 mins","Excited","Not sure","Sometimes","Sometimes","50+","30-50","Below 10 times","10-30","Below 10 times","Below 10 times","Below 10 times","Below 10 times","No","Maybe","Sometimes","Yes",""
"2025/07/09 1:45:10 am GMT+5:30","Female","21-23","West Bengal,Coochbehar ","2","0","","","Smartphone","WhatsApp","Free fire","More than 7 hours","Makeup videos ","Image","","","","","Reels/Shorts","","Self-expression","Rarely","Both","Always","","","","","","Yes","Yes","Yes","After several hours","Pressured to check","Not sure","Sometimes","Yes","50+","10-30","10-30","Below 10 times","","","","50+","Yes","Yes","Yes","Yes","Fake news"
"2025/07/09 2:39:44 am GMT+5:30","Male","21-23","Karnataka,India","1","1","","","Smartphone","Instagram;Facebook;WhatsApp;YouTube","YouTube","3-5 hours","Work/Study;Leisure/Entertainment;Both","Long form content","Reels/Shorts","Other","Other","Other","","","Habit;Validation/likes/comments","Frequently","Neutral","Always","Often","Sometimes","Sometimes","Rarely","Occasionally","Yes","No","Sometimes","After several hours","Annoyed","Yes","Sometimes","Yes","10-30","10-30","10-30","30-50","","","","","Yes","Yes","Sometimes","No","Social media is full of unverified information and rong facets, if i can i will delete all those videos that spread hate among community's and false information."
"2025/07/09 9:00:19 am GMT+5:30","Male","21-23","West bengal, India","1","1","","","Smartphone","Instagram;Facebook;WhatsApp;YouTube","Instagram","3-5 hours","Both","Reels/Shorts;Text","Reels/Shorts","","Other","","","","Habit","Sometimes","Negatively","Rarely","","","Always","Always","Yes","","No","Yes","After several hours","Neutral","Yes","Yes","Yes","Below 10 times","10-30","Below 10 times","Below 10 times","","","","","Yes","Maybe","No","Yes","For me, social media is a way to pass the time when I'm feeling depressed. Social media won't have a negative impact if i can overcome loneliness."
"2025/07/09 10:21:56 am GMT+5:30","Male","Above 26","West Bengal, India ","2","1","","","Smartphone","Instagram;WhatsApp;YouTube","Instagram;WhatsApp;YouTube","1-3 hours","Both","Reels/Shorts;Long form content;Image;Text","Reels/Shorts","Reels/Shorts","Reels/Shorts","","","","Boredom;Social connection;Relaxation;Self-expression","Sometimes","Neutral","Sometimes","Often","Sometimes","Often","Often","No","No","No","Sometimes","In 30 mins","Neutral","Not sure","Sometimes","Yes","10-30","10-30","","Below 10 times","","","","","Sometimes","No","No","No","Nothing "
"2025/07/09 1:17:27 pm GMT+5:30","Female","18-20","Odisha, India ","1","1","0","0","Smartphone","Instagram;WhatsApp;Twitter/X;YouTube","Instagram;YouTube","More than 7 hours","Both","Reels/Shorts;Long form content","Reels/Shorts","Other","Both","Reels/Shorts","Both","","Boredom;FOMO (Fear of Missing Out);Habit;Social connection;Relaxation;Self-expression","Frequently","Both","Sometimes","Often","Rarely","Sometimes","Rarely","No","No","Yes","Sometimes","After several hours","Neutral","Yes","Yes","Yes","10-30","Below 10 times","","10-30","Below 10 times","","","","Yes","Maybe","Yes","Yes","Remove brainrot content "
"2025/07/13 1:23:39 am GMT+5:30","Female","21-23","Assam, India","1","1","","","Smartphone","WhatsApp","WhatsApp","3-5 hours","Both","Long form content","","","Other","","","","Social connection","Rarely","Neutral","","","","","","","","No","Sometimes","","Neutral","Not sure","Sometimes","Sometimes","10-30","","","","","","","","Sometimes","Maybe","No","Yes",""